snr, val
-40, -2.916076
-35, -2.774956
-30, -2.514305
-25, -2.023412
-20, -1.085993
-15, 0.656068
-10, 3.514725
-5, 7.284125
0, 11.212687
5, 14.420132
10, 16.363896
15, 17.240580
20, 17.567890
25, 17.681322
30, 17.720381
35, 17.734252
40, 17.739461