snr, val
-40, -2.897214
-35, -2.784800
-30, -2.578702
-25, -2.194238
-20, -1.464556
-15, -0.088572
-10, 2.300552
-5, 5.726156
0, 9.569580
5, 12.902923
10, 15.036770
15, 16.034115
20, 16.408561
25, 16.535599
30, 16.577350
35, 16.591075
40, 16.595670