snr, val
-40, -2.679925
-35, -2.455953
-30, -2.042661
-25, -1.285528
-20, 0.003036
-15, 1.755789
-10, 3.351334
-5, 4.272121
0, 4.650574
5, 4.780909
10, 4.822398
15, 4.835011
20, 4.838645
25, 4.839587
30, 4.839769
35, 4.839760
40, 4.839721