snr, val
-40, -2.810149
-35, -2.578227
-30, -2.145307
-25, -1.334239
-20, 0.106524
-15, 2.219358
-10, 4.367877
-5, 5.763611
0, 6.387555
5, 6.612936
10, 6.687429
15, 6.711301
20, 6.718875
25, 6.721270
30, 6.722025
35, 6.722264
40, 6.722338