snr, val
-40, -2.872917
-35, -2.790839
-30, -2.641570
-25, -2.366293
-20, -1.849797
-15, -0.872543
-10, 0.906160
-5, 3.712584
0, 7.164409
5, 10.303266
10, 12.330238
15, 13.266297
20, 13.609589
25, 13.721753
30, 13.756304
35, 13.766402
40, 13.769099