snr, val
-40, -2.970597
-35, -2.913385
-30, -2.809895
-25, -2.620516
-20, -2.268078
-15, -1.600031
-10, -0.333676
-5, 1.911235
0, 5.254996
5, 9.201676
10, 12.892684
15, 15.528511
20, 16.901227
25, 17.452509
30, 17.645360
35, 17.709630
40, 17.730962