snr, val
-40, -2.750250
-35, -2.558023
-30, -2.202409
-25, -1.539861
-20, -0.343708
-15, 1.530451
-10, 3.675165
-5, 5.260788
0, 6.038690
5, 6.331934
10, 6.429608
15, 6.460446
20, 6.469863
25, 6.472621
30, 6.473366
35, 6.473530
40, 6.473542