snr, val
-40, -2.955105
-35, -2.875016
-30, -2.729251
-25, -2.460012
-20, -1.953156
-15, -0.987150
-10, 0.798085
-5, 3.699205
0, 7.485750
5, 11.397798
10, 14.556571
15, 16.441132
20, 17.276950
25, 17.584005
30, 17.688413
35, 17.723396
40, 17.735325