snr, val
-40, -2.965828
-35, -2.901498
-30, -2.784906
-25, -2.570904
-20, -2.171055
-15, -1.411020
-10, 0.021391
-5, 2.495297
0, 6.018750
5, 9.987528
10, 13.520891
15, 15.893432
20, 17.057296
25, 17.508060
30, 17.663660
35, 17.715495
40, 17.732824