snr, val
-40, -2.912773
-35, -2.815681
-30, -2.638301
-25, -2.308962
-20, -1.686106
-15, -0.504310
-10, 1.611290
-5, 4.819316
0, 8.652471
5, 12.217469
10, 14.702697
15, 15.958086
20, 16.450780
25, 16.620579
30, 16.676404
35, 16.694595
40, 16.700580